<?xml version="1.0" encoding="UTF-8" standalone="yes"?>
<addon id="repository.hman" name="hman's Kodi Addons" version="1.0.0" provider-name="hman">
	<extension point="xbmc.addon.repository" name="hman's Kodi Addon Repository">
		<info compressed="false">http://rawgit.com/armando-basile/kodi.addons/master/addons.xml</info>
		<checksum>http://rawgit.com/armando-basile/kodi.addons/master/addons.xml.md5</checksum>
		<datadir zip="true">http://rawgit.com/armando-basile/kodi.addons/master/</datadir>
	</extension>
	<extension point="xbmc.addon.metadata">
		<summary lang="en">hman's Kodi Addon Repository</summary>
		<description lang="en">Download and install hman's addon repository</description>
		<disclaimer></disclaimer>
		<platform>all</platform>
	</extension>
</addon>
